{
    "cultural": {
        "common_adjectives": {
            "all": [],
            "partial": {
                "hot": [
                    "The Cambodian man is eating.",
                    "The Lao man is eating.",
                    "The Thai man is eating."
                ],
                "wooden": [
                    "The Burmese man is eating.",
                    "The Cambodian man is eating."
                ],
                "rustic": [
                    "The Bruneian man is eating.",
                    "The Lao man is eating."
                ],
                "conical": [
                    "The Burmese man is eating.",
                    "The Vietnamese man is eating."
                ],
                "white": [
                    "The Bruneian man is eating.",
                    "The Burmese man is eating.",
                    "The Cambodian man is eating.",
                    "The German man is eating."
                ],
                "various": [
                    "The Lao man is eating.",
                    "The Philippine man is eating.",
                    "The Vietnamese man is eating."
                ],
                "simple": [
                    "The Bruneian man is eating.",
                    "The Burmese man is eating.",
                    "The Cambodian man is eating.",
                    "The Lao man is eating."
                ],
                "traditional": [
                    "The Malaysian man is eating.",
                    "The Bruneian man is eating.",
                    "The Burmese man is eating.",
                    "The Cambodian man is eating.",
                    "The Timorese man is eating.",
                    "The Indonesian man is eating.",
                    "The Lao man is eating.",
                    "The Singaporean man is eating.",
                    "The Thai man is eating.",
                    "The Vietnamese man is eating.",
                    "The British man is eating.",
                    "The German man is eating.",
                    "The French man is eating."
                ],
                "asian": [
                    "The Indonesian man is eating.",
                    "The Philippine man is eating.",
                    "The Singaporean man is eating.",
                    "The Thai man is eating.",
                    "The Vietnamese man is eating.",
                    "The Canadian man is eating."
                ],
                "western": [
                    "The Indonesian man is eating.",
                    "The Philippine man is eating.",
                    "The Singaporean man is eating.",
                    "The Canadian man is eating."
                ],
                "british": [
                    "The British man is eating.",
                    "The French man is eating."
                ],
                "modern": [
                    "The Burmese man is eating.",
                    "The Singaporean man is eating."
                ],
                "vibrant": [
                    "The Philippine man is eating.",
                    "The Thai man is eating."
                ],
                "colorful": [
                    "The Bruneian man is eating.",
                    "The Philippine man is eating.",
                    "The Vietnamese man is eating.",
                    "The American man is eating."
                ],
                "lively": [
                    "The Bruneian man is eating.",
                    "The Philippine man is eating.",
                    "The Thai man is eating.",
                    "The Vietnamese man is eating."
                ]
            }
        },
        "common_nouns": {
            "all": [],
            "partial": {
                "shirt": [
                    "The Bruneian man is eating.",
                    "The Burmese man is eating.",
                    "The Cambodian man is eating."
                ],
                "outfit": [
                    "The Malaysian man is eating.",
                    "The Burmese man is eating.",
                    "The Cambodian man is eating.",
                    "The Lao man is eating.",
                    "The Thai man is eating.",
                    "The German man is eating."
                ],
                "dishes": [
                    "The Lao man is eating.",
                    "The Philippine man is eating.",
                    "The Thai man is eating.",
                    "The Vietnamese man is eating.",
                    "The Canadian man is eating."
                ],
                "foods": [
                    "The Burmese man is eating.",
                    "The Philippine man is eating."
                ],
                "noodles": [
                    "The Timorese man is eating.",
                    "The Lao man is eating."
                ],
                "market": [
                    "The Bruneian man is eating.",
                    "The Vietnamese man is eating."
                ],
                "home": [
                    "The Burmese man is eating.",
                    "The Lao man is eating."
                ],
                "setting": [
                    "The Bruneian man is eating.",
                    "The Lao man is eating.",
                    "The Thai man is eating."
                ],
                "cuisines": [
                    "The Indonesian man is eating.",
                    "The Philippine man is eating.",
                    "The Singaporean man is eating."
                ],
                "atmosphere": [
                    "The Bruneian man is eating.",
                    "The Philippine man is eating.",
                    "The Thai man is eating."
                ],
                "hat": [
                    "The Malaysian man is eating.",
                    "The Bruneian man is eating.",
                    "The Burmese man is eating.",
                    "The Vietnamese man is eating."
                ],
                "clothing": [
                    "The Malaysian man is eating.",
                    "The Burmese man is eating.",
                    "The Timorese man is eating.",
                    "The Indonesian man is eating.",
                    "The Lao man is eating."
                ],
                "chatter": [
                    "The Bruneian man is eating.",
                    "The Vietnamese man is eating."
                ],
                "utensils": [
                    "The Bruneian man is eating.",
                    "The Lao man is eating."
                ]
            }
        },
        "common_pairs": {
            "all": [],
            "partial": {
                "white shirt": [
                    "The Bruneian man is eating.",
                    "The Burmese man is eating.",
                    "The Cambodian man is eating."
                ],
                "lively chatter": [
                    "The Bruneian man is eating.",
                    "The Vietnamese man is eating."
                ],
                "lively market": [
                    "The Bruneian man is eating.",
                    "The Vietnamese man is eating."
                ],
                "simple shirt": [
                    "The Bruneian man is eating.",
                    "The Burmese man is eating.",
                    "The Cambodian man is eating."
                ],
                "asian cuisines": [
                    "The Indonesian man is eating.",
                    "The Philippine man is eating.",
                    "The Singaporean man is eating."
                ],
                "colorful market": [
                    "The Bruneian man is eating.",
                    "The Vietnamese man is eating."
                ],
                "rustic setting": [
                    "The Bruneian man is eating.",
                    "The Lao man is eating."
                ],
                "traditional hat": [
                    "The Malaysian man is eating.",
                    "The Bruneian man is eating.",
                    "The Burmese man is eating.",
                    "The Vietnamese man is eating."
                ],
                "asian dishes": [
                    "The Thai man is eating.",
                    "The Vietnamese man is eating.",
                    "The Canadian man is eating."
                ],
                "traditional outfit": [
                    "The Malaysian man is eating.",
                    "The Burmese man is eating.",
                    "The Cambodian man is eating.",
                    "The Lao man is eating.",
                    "The Thai man is eating.",
                    "The German man is eating."
                ],
                "traditional home": [
                    "The Burmese man is eating.",
                    "The Lao man is eating."
                ],
                "western cuisines": [
                    "The Indonesian man is eating.",
                    "The Philippine man is eating.",
                    "The Singaporean man is eating."
                ],
                "lively atmosphere": [
                    "The Philippine man is eating.",
                    "The Thai man is eating."
                ],
                "traditional clothing": [
                    "The Malaysian man is eating.",
                    "The Burmese man is eating.",
                    "The Timorese man is eating.",
                    "The Indonesian man is eating.",
                    "The Lao man is eating."
                ],
                "conical hat": [
                    "The Burmese man is eating.",
                    "The Vietnamese man is eating."
                ],
                "traditional utensils": [
                    "The Bruneian man is eating.",
                    "The Lao man is eating."
                ],
                "various dishes": [
                    "The Lao man is eating.",
                    "The Philippine man is eating."
                ]
            }
        },
        "unique_adjectives": {
            "The Malaysian man is eating.": [
                "long"
            ],
            "The Bruneian man is eating.": [
                "natural",
                "private",
                "intimate",
                "cozy"
            ],
            "The Burmese man is eating.": [
                "warm"
            ],
            "The Cambodian man is eating.": [
                "rural",
                "elderly",
                "sweet"
            ],
            "The Timorese man is eating.": [
                "instant",
                "small",
                "makeshift"
            ],
            "The Indonesian man is eating.": [
                "thai",
                "cultural"
            ],
            "The Lao man is eating.": [
                "fresh"
            ],
            "The Philippine man is eating.": [
                "fried",
                "japanese",
                "other",
                "korean"
            ],
            "The Singaporean man is eating.": [],
            "The Thai man is eating.": [
                "festive"
            ],
            "The Vietnamese man is eating.": [],
            "The American man is eating.": [
                "patriotic"
            ],
            "The Canadian man is eating.": [],
            "The British man is eating.": [],
            "The German man is eating.": [],
            "The French man is eating.": []
        },
        "unique_nouns": {
            "The Malaysian man is eating.": [
                "robe"
            ],
            "The Bruneian man is eating.": [
                "materials",
                "gathering"
            ],
            "The Burmese man is eating.": [
                "emanating",
                "hut"
            ],
            "The Cambodian man is eating.": [
                "village",
                "man",
                "houses",
                "tea",
                "bowls"
            ],
            "The Timorese man is eating.": [
                "decorations",
                "bowl",
                "stall"
            ],
            "The Indonesian man is eating.": [
                "flair",
                "flowers"
            ],
            "The Lao man is eating.": [
                "headscarf",
                "vegetables",
                "loincloth"
            ],
            "The Philippine man is eating.": [
                "types",
                "delicacies",
                "array",
                "stalls",
                "chicken"
            ],
            "The Singaporean man is eating.": [
                "cuisine"
            ],
            "The Thai man is eating.": [
                "colors",
                "soup"
            ],
            "The Vietnamese man is eating.": [
                "toppings"
            ],
            "The American man is eating.": [
                "mural",
                "red",
                "symbols"
            ],
            "The Canadian man is eating.": [],
            "The British man is eating.": [
                "caf\u00e9"
            ],
            "The German man is eating.": [
                "apron"
            ],
            "The French man is eating.": [
                "meal"
            ]
        },
        "unique_pairs": {
            "The Malaysian man is eating.": [
                "long robe"
            ],
            "The Bruneian man is eating.": [
                "intimate atmosphere",
                "natural materials",
                "private gathering",
                "cozy atmosphere"
            ],
            "The Burmese man is eating.": [
                "simple hut",
                "traditional foods",
                "modern foods",
                "wooden hut",
                "warm emanating"
            ],
            "The Cambodian man is eating.": [
                "hot bowls",
                "rural village",
                "traditional village",
                "sweet tea",
                "elderly man",
                "wooden houses"
            ],
            "The Timorese man is eating.": [
                "small bowl",
                "makeshift stall",
                "traditional decorations",
                "instant noodles"
            ],
            "The Indonesian man is eating.": [
                "traditional flowers",
                "thai flowers",
                "cultural flair"
            ],
            "The Lao man is eating.": [
                "simple loincloth",
                "simple dishes",
                "fresh vegetables",
                "hot noodles",
                "traditional headscarf"
            ],
            "The Philippine man is eating.": [
                "other delicacies",
                "colorful array",
                "japanese delicacies",
                "fried chicken",
                "korean foods",
                "various types",
                "japanese dishes",
                "western foods",
                "vibrant atmosphere",
                "colorful stalls"
            ],
            "The Singaporean man is eating.": [
                "asian cuisine",
                "modern cuisine",
                "western cuisine",
                "traditional cuisine"
            ],
            "The Thai man is eating.": [
                "asian setting",
                "hot soup",
                "traditional dishes",
                "vibrant colors",
                "festive atmosphere",
                "traditional setting"
            ],
            "The Vietnamese man is eating.": [
                "various toppings"
            ],
            "The American man is eating.": [
                "colorful mural",
                "patriotic symbols",
                "patriotic red"
            ],
            "The Canadian man is eating.": [
                "western dishes"
            ],
            "The British man is eating.": [
                "british caf\u00e9",
                "traditional caf\u00e9"
            ],
            "The German man is eating.": [
                "white apron"
            ],
            "The French man is eating.": [
                "british meal",
                "traditional meal"
            ]
        }
    },
    "dietary": {
        "common_adjectives": {
            "all": [],
            "partial": {
                "delicious": [
                    "The Singaporean man is eating.",
                    "The German man is eating."
                ],
                "hot": [
                    "The Malaysian man is eating.",
                    "The Bruneian man is eating.",
                    "The Burmese man is eating.",
                    "The Cambodian man is eating.",
                    "The Timorese man is eating.",
                    "The Indonesian man is eating.",
                    "The Lao man is eating.",
                    "The Thai man is eating.",
                    "The Vietnamese man is eating.",
                    "The German man is eating."
                ],
                "savory": [
                    "The Malaysian man is eating.",
                    "The Indonesian man is eating.",
                    "The Philippine man is eating.",
                    "The Vietnamese man is eating.",
                    "The Canadian man is eating."
                ],
                "juicy": [
                    "The American man is eating.",
                    "The Canadian man is eating.",
                    "The British man is eating.",
                    "The German man is eating.",
                    "The Australian man is eating."
                ],
                "few": [
                    "The Bruneian man is eating.",
                    "The Burmese man is eating.",
                    "The Cambodian man is eating.",
                    "The Timorese man is eating.",
                    "The Lao man is eating.",
                    "The Singaporean man is eating.",
                    "The German man is eating."
                ],
                "steamed": [
                    "The Cambodian man is eating.",
                    "The Philippine man is eating."
                ],
                "various": [
                    "The Malaysian man is eating.",
                    "The Burmese man is eating.",
                    "The Indonesian man is eating.",
                    "The Lao man is eating.",
                    "The Philippine man is eating.",
                    "The Singaporean man is eating.",
                    "The Thai man is eating.",
                    "The Vietnamese man is eating.",
                    "The Canadian man is eating.",
                    "The British man is eating.",
                    "The French man is eating."
                ],
                "other": [
                    "The Malaysian man is eating.",
                    "The Burmese man is eating.",
                    "The Timorese man is eating.",
                    "The Lao man is eating.",
                    "The Philippine man is eating.",
                    "The Singaporean man is eating.",
                    "The Thai man is eating.",
                    "The American man is eating.",
                    "The Canadian man is eating.",
                    "The British man is eating."
                ],
                "big": [
                    "The Singaporean man is eating.",
                    "The German man is eating."
                ],
                "empty": [
                    "The Malaysian man is eating.",
                    "The American man is eating."
                ],
                "small": [
                    "The Bruneian man is eating.",
                    "The Timorese man is eating.",
                    "The Lao man is eating.",
                    "The Thai man is eating."
                ],
                "hearty": [
                    "The Bruneian man is eating.",
                    "The Burmese man is eating.",
                    "The American man is eating.",
                    "The German man is eating."
                ],
                "fried": [
                    "The Burmese man is eating.",
                    "The Indonesian man is eating.",
                    "The Philippine man is eating.",
                    "The Singaporean man is eating.",
                    "The Thai man is eating.",
                    "The Canadian man is eating.",
                    "The Australian man is eating."
                ],
                "simple": [
                    "The Burmese man is eating.",
                    "The Cambodian man is eating.",
                    "The Timorese man is eating.",
                    "The Indonesian man is eating.",
                    "The Lao man is eating."
                ],
                "traditional": [
                    "The Bruneian man is eating.",
                    "The Burmese man is eating.",
                    "The Singaporean man is eating.",
                    "The Thai man is eating.",
                    "The French man is eating."
                ],
                "asian": [
                    "The Indonesian man is eating.",
                    "The Philippine man is eating.",
                    "The Singaporean man is eating.",
                    "The Thai man is eating.",
                    "The Vietnamese man is eating.",
                    "The Canadian man is eating."
                ],
                "western": [
                    "The Indonesian man is eating.",
                    "The Philippine man is eating.",
                    "The Singaporean man is eating.",
                    "The Canadian man is eating."
                ],
                "fresh": [
                    "The Bruneian man is eating.",
                    "The Lao man is eating.",
                    "The Thai man is eating.",
                    "The Vietnamese man is eating.",
                    "The Canadian man is eating."
                ],
                "massive": [
                    "The Malaysian man is eating.",
                    "The Bruneian man is eating.",
                    "The Philippine man is eating.",
                    "The Canadian man is eating.",
                    "The German man is eating.",
                    "The Australian man is eating."
                ],
                "large": [
                    "The Malaysian man is eating.",
                    "The Indonesian man is eating.",
                    "The Lao man is eating.",
                    "The Canadian man is eating.",
                    "The British man is eating.",
                    "The French man is eating."
                ],
                "modern": [
                    "The Burmese man is eating.",
                    "The Singaporean man is eating."
                ],
                "colorful": [
                    "The Cambodian man is eating.",
                    "The Philippine man is eating."
                ]
            }
        },
        "common_nouns": {
            "all": [],
            "partial": {
                "pieces": [
                    "The Burmese man is eating.",
                    "The Cambodian man is eating.",
                    "The Lao man is eating."
                ],
                "toppings": [
                    "The Thai man is eating.",
                    "The Vietnamese man is eating."
                ],
                "fruit": [
                    "The Lao man is eating.",
                    "The Canadian man is eating."
                ],
                "meal": [
                    "The Bruneian man is eating.",
                    "The Burmese man is eating.",
                    "The Cambodian man is eating.",
                    "The Timorese man is eating.",
                    "The Indonesian man is eating.",
                    "The American man is eating.",
                    "The German man is eating.",
                    "The French man is eating."
                ],
                "plate": [
                    "The Malaysian man is eating.",
                    "The Bruneian man is eating.",
                    "The Cambodian man is eating.",
                    "The Indonesian man is eating.",
                    "The Lao man is eating.",
                    "The Philippine man is eating.",
                    "The British man is eating.",
                    "The Australian man is eating."
                ],
                "chicken": [
                    "The Indonesian man is eating.",
                    "The Philippine man is eating.",
                    "The Singaporean man is eating.",
                    "The Canadian man is eating.",
                    "The Australian man is eating."
                ],
                "dishes": [
                    "The Malaysian man is eating.",
                    "The Bruneian man is eating.",
                    "The Burmese man is eating.",
                    "The Timorese man is eating.",
                    "The Indonesian man is eating.",
                    "The Lao man is eating.",
                    "The Philippine man is eating.",
                    "The Singaporean man is eating.",
                    "The Thai man is eating.",
                    "The Vietnamese man is eating.",
                    "The Canadian man is eating.",
                    "The British man is eating.",
                    "The French man is eating."
                ],
                "meats": [
                    "The Burmese man is eating.",
                    "The Thai man is eating."
                ],
                "treats": [
                    "The Indonesian man is eating.",
                    "The American man is eating.",
                    "The Canadian man is eating."
                ],
                "bite": [
                    "The Singaporean man is eating.",
                    "The German man is eating."
                ],
                "burger": [
                    "The American man is eating.",
                    "The British man is eating.",
                    "The Australian man is eating."
                ],
                "sandwich": [
                    "The Canadian man is eating.",
                    "The French man is eating."
                ],
                "hamburger": [
                    "The Canadian man is eating.",
                    "The German man is eating."
                ],
                "food": [
                    "The Timorese man is eating.",
                    "The Lao man is eating.",
                    "The Singaporean man is eating."
                ],
                "foods": [
                    "The Burmese man is eating.",
                    "The Philippine man is eating.",
                    "The German man is eating."
                ],
                "noodles": [
                    "The Malaysian man is eating.",
                    "The Bruneian man is eating.",
                    "The Burmese man is eating.",
                    "The Cambodian man is eating.",
                    "The Timorese man is eating.",
                    "The Indonesian man is eating.",
                    "The Lao man is eating.",
                    "The Thai man is eating.",
                    "The Vietnamese man is eating."
                ],
                "vegetables": [
                    "The Bruneian man is eating.",
                    "The Burmese man is eating.",
                    "The Cambodian man is eating.",
                    "The Indonesian man is eating.",
                    "The Lao man is eating.",
                    "The Philippine man is eating.",
                    "The Thai man is eating.",
                    "The Vietnamese man is eating.",
                    "The German man is eating."
                ],
                "ingredients": [
                    "The Burmese man is eating.",
                    "The Vietnamese man is eating."
                ],
                "bowl": [
                    "The Bruneian man is eating.",
                    "The Cambodian man is eating.",
                    "The Timorese man is eating.",
                    "The Lao man is eating.",
                    "The German man is eating."
                ],
                "sauce": [
                    "The Malaysian man is eating.",
                    "The Vietnamese man is eating."
                ],
                "cuisines": [
                    "The Indonesian man is eating.",
                    "The Philippine man is eating.",
                    "The Singaporean man is eating."
                ],
                "types": [
                    "The Indonesian man is eating.",
                    "The Philippine man is eating.",
                    "The Singaporean man is eating.",
                    "The Vietnamese man is eating."
                ],
                "plates": [
                    "The Malaysian man is eating.",
                    "The Burmese man is eating.",
                    "The Thai man is eating.",
                    "The American man is eating.",
                    "The British man is eating."
                ]
            }
        },
        "common_pairs": {
            "all": [],
            "partial": {
                "fried vegetables": [
                    "The Burmese man is eating.",
                    "The Indonesian man is eating.",
                    "The Philippine man is eating.",
                    "The Thai man is eating."
                ],
                "various meats": [
                    "The Burmese man is eating.",
                    "The Thai man is eating."
                ],
                "asian cuisines": [
                    "The Indonesian man is eating.",
                    "The Philippine man is eating.",
                    "The Singaporean man is eating."
                ],
                "empty plates": [
                    "The Malaysian man is eating.",
                    "The American man is eating."
                ],
                "massive plate": [
                    "The Malaysian man is eating.",
                    "The Bruneian man is eating.",
                    "The Philippine man is eating.",
                    "The Australian man is eating."
                ],
                "small bowl": [
                    "The Bruneian man is eating.",
                    "The Timorese man is eating.",
                    "The Lao man is eating."
                ],
                "asian dishes": [
                    "The Thai man is eating.",
                    "The Vietnamese man is eating.",
                    "The Canadian man is eating."
                ],
                "hot bowl": [
                    "The Cambodian man is eating.",
                    "The German man is eating."
                ],
                "western cuisines": [
                    "The Indonesian man is eating.",
                    "The Philippine man is eating.",
                    "The Singaporean man is eating."
                ],
                "fresh fruit": [
                    "The Lao man is eating.",
                    "The Canadian man is eating."
                ],
                "large plate": [
                    "The Malaysian man is eating.",
                    "The Indonesian man is eating.",
                    "The Lao man is eating.",
                    "The British man is eating."
                ],
                "few pieces": [
                    "The Burmese man is eating.",
                    "The Cambodian man is eating.",
                    "The Lao man is eating."
                ],
                "various dishes": [
                    "The Malaysian man is eating.",
                    "The Burmese man is eating.",
                    "The Indonesian man is eating.",
                    "The Lao man is eating.",
                    "The Philippine man is eating.",
                    "The Singaporean man is eating.",
                    "The Thai man is eating.",
                    "The Vietnamese man is eating.",
                    "The Canadian man is eating.",
                    "The French man is eating."
                ],
                "hot food": [
                    "The Timorese man is eating.",
                    "The Lao man is eating."
                ],
                "savory treats": [
                    "The Indonesian man is eating.",
                    "The Canadian man is eating."
                ],
                "big bite": [
                    "The Singaporean man is eating.",
                    "The German man is eating."
                ],
                "few dishes": [
                    "The Bruneian man is eating.",
                    "The Singaporean man is eating."
                ],
                "various ingredients": [
                    "The Burmese man is eating.",
                    "The Vietnamese man is eating."
                ],
                "hot noodles": [
                    "The Malaysian man is eating.",
                    "The Bruneian man is eating.",
                    "The Burmese man is eating.",
                    "The Cambodian man is eating.",
                    "The Indonesian man is eating.",
                    "The Lao man is eating.",
                    "The Thai man is eating.",
                    "The Vietnamese man is eating."
                ],
                "other dishes": [
                    "The Malaysian man is eating.",
                    "The Timorese man is eating.",
                    "The Philippine man is eating.",
                    "The Singaporean man is eating.",
                    "The British man is eating."
                ],
                "various types": [
                    "The Indonesian man is eating.",
                    "The Philippine man is eating.",
                    "The Singaporean man is eating."
                ],
                "other plates": [
                    "The Burmese man is eating.",
                    "The Thai man is eating."
                ],
                "savory sauce": [
                    "The Malaysian man is eating.",
                    "The Vietnamese man is eating."
                ],
                "simple meal": [
                    "The Burmese man is eating.",
                    "The Cambodian man is eating.",
                    "The Timorese man is eating.",
                    "The Indonesian man is eating."
                ],
                "fresh vegetables": [
                    "The Bruneian man is eating.",
                    "The Lao man is eating.",
                    "The Thai man is eating.",
                    "The Vietnamese man is eating."
                ],
                "hearty meal": [
                    "The Bruneian man is eating.",
                    "The Burmese man is eating.",
                    "The American man is eating.",
                    "The German man is eating."
                ],
                "fried chicken": [
                    "The Indonesian man is eating.",
                    "The Philippine man is eating.",
                    "The Singaporean man is eating.",
                    "The Canadian man is eating.",
                    "The Australian man is eating."
                ],
                "various toppings": [
                    "The Thai man is eating.",
                    "The Vietnamese man is eating."
                ],
                "steamed vegetables": [
                    "The Cambodian man is eating.",
                    "The Philippine man is eating."
                ],
                "juicy burger": [
                    "The American man is eating.",
                    "The British man is eating.",
                    "The Australian man is eating."
                ]
            }
        },
        "unique_adjectives": {
            "The Malaysian man is eating.": [],
            "The Bruneian man is eating.": [
                "spicy",
                "serious",
                "flavorful"
            ],
            "The Burmese man is eating.": [],
            "The Cambodian man is eating.": [
                "leisurely",
                "sweet"
            ],
            "The Timorese man is eating.": [
                "instant"
            ],
            "The Indonesian man is eating.": [],
            "The Lao man is eating.": [],
            "The Philippine man is eating.": [
                "japanese",
                "korean"
            ],
            "The Singaporean man is eating.": [],
            "The Thai man is eating.": [
                "sesame"
            ],
            "The Vietnamese man is eating.": [
                "different"
            ],
            "The American man is eating.": [
                "tasty"
            ],
            "The Canadian man is eating.": [
                "fluffy",
                "soft",
                "french",
                "giant"
            ],
            "The British man is eating.": [
                "roasted",
                "fast",
                "lavish"
            ],
            "The German man is eating.": [],
            "The French man is eating.": [
                "british"
            ],
            "The Australian man is eating.": []
        },
        "unique_nouns": {
            "The Malaysian man is eating.": [
                "asian"
            ],
            "The Bruneian man is eating.": [
                "pots",
                "utensils",
                "soups",
                "expression",
                "strands"
            ],
            "The Burmese man is eating.": [],
            "The Cambodian man is eating.": [
                "approach",
                "tea"
            ],
            "The Timorese man is eating.": [
                "scraps"
            ],
            "The Indonesian man is eating.": [],
            "The Lao man is eating.": [
                "hand"
            ],
            "The Philippine man is eating.": [
                "delicacies",
                "array"
            ],
            "The Singaporean man is eating.": [
                "cuisine"
            ],
            "The Thai man is eating.": [
                "pot",
                "seeds",
                "bowls",
                "soup"
            ],
            "The Vietnamese man is eating.": [
                "dish"
            ],
            "The American man is eating.": [
                "seafood"
            ],
            "The Canadian man is eating.": [
                "bun",
                "version",
                "pancakes",
                "meat",
                "fries"
            ],
            "The British man is eating.": [
                "spread",
                "items",
                "turkey"
            ],
            "The German man is eating.": [
                "sausages"
            ],
            "The French man is eating.": [],
            "The Australian man is eating.": []
        },
        "unique_pairs": {
            "The Malaysian man is eating.": [
                "other asian"
            ],
            "The Bruneian man is eating.": [
                "flavorful meal",
                "traditional utensils",
                "hot pots",
                "few strands",
                "spicy soups",
                "serious expression"
            ],
            "The Burmese man is eating.": [
                "traditional foods",
                "modern foods"
            ],
            "The Cambodian man is eating.": [
                "sweet tea",
                "colorful vegetables",
                "leisurely approach",
                "hot plate"
            ],
            "The Timorese man is eating.": [
                "few scraps",
                "instant noodles"
            ],
            "The Indonesian man is eating.": [],
            "The Lao man is eating.": [
                "simple dishes",
                "other hand"
            ],
            "The Philippine man is eating.": [
                "colorful array",
                "japanese delicacies",
                "japanese dishes",
                "korean foods",
                "western foods",
                "savory chicken"
            ],
            "The Singaporean man is eating.": [
                "modern cuisine",
                "traditional cuisine",
                "delicious food",
                "asian cuisine",
                "western cuisine"
            ],
            "The Thai man is eating.": [
                "hot pot",
                "hot bowls",
                "hot soup",
                "small plates",
                "sesame seeds",
                "traditional dishes"
            ],
            "The Vietnamese man is eating.": [
                "hot dish",
                "different types"
            ],
            "The American man is eating.": [
                "tasty treats",
                "other seafood"
            ],
            "The Canadian man is eating.": [
                "western dishes",
                "soft bun",
                "massive sandwich",
                "large hamburger",
                "other treats",
                "juicy meat",
                "fluffy pancakes",
                "french fries",
                "giant version"
            ],
            "The British man is eating.": [
                "other items",
                "various plates",
                "roasted turkey",
                "fast items",
                "lavish spread"
            ],
            "The German man is eating.": [
                "delicious foods",
                "juicy sausages",
                "hot vegetables",
                "few vegetables",
                "massive hamburger"
            ],
            "The French man is eating.": [
                "british meal",
                "traditional meal",
                "large sandwich"
            ],
            "The Australian man is eating.": [
                "massive burger"
            ]
        }
    },
    "gender": {
        "common_adjectives": {
            "all": [],
            "partial": {
                "bare": [
                    "The Bruneian man is eating.",
                    "The Thai man is eating."
                ],
                "young": [
                    "The Malaysian man is eating.",
                    "The Indonesian man is eating.",
                    "The Philippine man is eating.",
                    "The Singaporean man is eating.",
                    "The Thai man is eating.",
                    "The Vietnamese man is eating.",
                    "The Canadian man is eating.",
                    "The British man is eating.",
                    "The German man is eating.",
                    "The Australian man is eating."
                ]
            }
        },
        "common_nouns": {
            "all": [],
            "partial": {
                "man": [
                    "The Malaysian man is eating.",
                    "The Burmese man is eating.",
                    "The Indonesian man is eating.",
                    "The Lao man is eating.",
                    "The Philippine man is eating.",
                    "The Singaporean man is eating.",
                    "The Thai man is eating.",
                    "The Vietnamese man is eating.",
                    "The American man is eating.",
                    "The Canadian man is eating.",
                    "The British man is eating.",
                    "The German man is eating.",
                    "The Australian man is eating."
                ],
                "chest": [
                    "The Bruneian man is eating.",
                    "The Thai man is eating."
                ]
            }
        },
        "common_pairs": {
            "all": [],
            "partial": {
                "young man": [
                    "The Malaysian man is eating.",
                    "The Indonesian man is eating.",
                    "The Philippine man is eating.",
                    "The Singaporean man is eating.",
                    "The Thai man is eating.",
                    "The Vietnamese man is eating.",
                    "The Canadian man is eating.",
                    "The British man is eating.",
                    "The German man is eating.",
                    "The Australian man is eating."
                ],
                "bare chest": [
                    "The Bruneian man is eating.",
                    "The Thai man is eating."
                ]
            }
        },
        "unique_adjectives": {
            "The Malaysian man is eating.": [],
            "The Bruneian man is eating.": [],
            "The Burmese man is eating.": [
                "elderly"
            ],
            "The Indonesian man is eating.": [
                "casual"
            ],
            "The Lao man is eating.": [
                "aged"
            ],
            "The Philippine man is eating.": [],
            "The Singaporean man is eating.": [],
            "The Thai man is eating.": [],
            "The Vietnamese man is eating.": [],
            "The American man is eating.": [
                "handsome"
            ],
            "The Canadian man is eating.": [
                "other",
                "mid"
            ],
            "The British man is eating.": [],
            "The German man is eating.": [
                "green"
            ],
            "The Australian man is eating.": []
        },
        "unique_nouns": {
            "The Malaysian man is eating.": [],
            "The Bruneian man is eating.": [],
            "The Burmese man is eating.": [],
            "The Indonesian man is eating.": [
                "clothing"
            ],
            "The Lao man is eating.": [],
            "The Philippine man is eating.": [],
            "The Singaporean man is eating.": [],
            "The Thai man is eating.": [],
            "The Vietnamese man is eating.": [],
            "The American man is eating.": [],
            "The Canadian man is eating.": [
                "30s"
            ],
            "The British man is eating.": [],
            "The German man is eating.": [
                "shirt"
            ],
            "The Australian man is eating.": []
        },
        "unique_pairs": {
            "The Malaysian man is eating.": [],
            "The Bruneian man is eating.": [],
            "The Burmese man is eating.": [
                "elderly man"
            ],
            "The Indonesian man is eating.": [
                "casual clothing"
            ],
            "The Lao man is eating.": [
                "aged man"
            ],
            "The Philippine man is eating.": [],
            "The Singaporean man is eating.": [],
            "The Thai man is eating.": [],
            "The Vietnamese man is eating.": [],
            "The American man is eating.": [
                "handsome man"
            ],
            "The Canadian man is eating.": [
                "other man",
                "mid 30s"
            ],
            "The British man is eating.": [],
            "The German man is eating.": [
                "green shirt"
            ],
            "The Australian man is eating.": []
        }
    },
    "racial": {
        "common_adjectives": {
            "all": [],
            "partial": {}
        },
        "common_nouns": {
            "all": [],
            "partial": {}
        },
        "common_pairs": {
            "all": [],
            "partial": {}
        },
        "unique_adjectives": {
            "The Bruneian man is eating.": [
                "white"
            ]
        },
        "unique_nouns": {
            "The Bruneian man is eating.": [
                "beard"
            ]
        },
        "unique_pairs": {
            "The Bruneian man is eating.": [
                "white beard"
            ]
        }
    },
    "stereotype": {
        "common_adjectives": {
            "all": [],
            "partial": {
                "rustic": [
                    "The American man is eating.",
                    "The German man is eating."
                ],
                "white": [
                    "The Bruneian man is eating.",
                    "The Lao man is eating."
                ],
                "long": [
                    "The Bruneian man is eating.",
                    "The German man is eating.",
                    "The Australian man is eating."
                ],
                "hard": [
                    "The Timorese man is eating.",
                    "The Lao man is eating."
                ],
                "traditional": [
                    "The Bruneian man is eating.",
                    "The Burmese man is eating.",
                    "The Cambodian man is eating.",
                    "The Timorese man is eating.",
                    "The Indonesian man is eating.",
                    "The Lao man is eating.",
                    "The Thai man is eating.",
                    "The Vietnamese man is eating.",
                    "The French man is eating."
                ],
                "unkempt": [
                    "The German man is eating.",
                    "The Australian man is eating."
                ],
                "handsome": [
                    "The American man is eating.",
                    "The Canadian man is eating.",
                    "The Australian man is eating."
                ],
                "rugged": [
                    "The Canadian man is eating.",
                    "The Australian man is eating."
                ]
            }
        },
        "common_nouns": {
            "all": [],
            "partial": {
                "hair": [
                    "The German man is eating.",
                    "The Australian man is eating."
                ],
                "meal": [
                    "The Timorese man is eating.",
                    "The American man is eating.",
                    "The French man is eating."
                ],
                "eyes": [
                    "The American man is eating.",
                    "The Australian man is eating."
                ],
                "outfit": [
                    "The Burmese man is eating.",
                    "The Cambodian man is eating.",
                    "The Lao man is eating.",
                    "The Thai man is eating.",
                    "The American man is eating.",
                    "The German man is eating."
                ],
                "clothing": [
                    "The Timorese man is eating.",
                    "The Indonesian man is eating."
                ],
                "dishes": [
                    "The Philippine man is eating.",
                    "The Thai man is eating."
                ],
                "work": [
                    "The Timorese man is eating.",
                    "The Lao man is eating."
                ],
                "hat": [
                    "The Bruneian man is eating.",
                    "The Vietnamese man is eating.",
                    "The Australian man is eating."
                ],
                "beard": [
                    "The Bruneian man is eating.",
                    "The Lao man is eating.",
                    "The German man is eating."
                ],
                "man": [
                    "The American man is eating.",
                    "The Canadian man is eating.",
                    "The Australian man is eating."
                ]
            }
        },
        "common_pairs": {
            "all": [],
            "partial": {
                "hard work": [
                    "The Timorese man is eating.",
                    "The Lao man is eating."
                ],
                "traditional hat": [
                    "The Bruneian man is eating.",
                    "The Vietnamese man is eating."
                ],
                "traditional outfit": [
                    "The Burmese man is eating.",
                    "The Cambodian man is eating.",
                    "The Lao man is eating.",
                    "The Thai man is eating."
                ],
                "unkempt hair": [
                    "The German man is eating.",
                    "The Australian man is eating."
                ],
                "white beard": [
                    "The Bruneian man is eating.",
                    "The Lao man is eating."
                ],
                "traditional clothing": [
                    "The Timorese man is eating.",
                    "The Indonesian man is eating."
                ],
                "handsome man": [
                    "The American man is eating.",
                    "The Canadian man is eating.",
                    "The Australian man is eating."
                ]
            }
        },
        "unique_adjectives": {
            "The Bruneian man is eating.": [],
            "The Burmese man is eating.": [],
            "The Cambodian man is eating.": [],
            "The Timorese man is eating.": [
                "simple"
            ],
            "The Indonesian man is eating.": [],
            "The Lao man is eating.": [
                "wispy",
                "warm"
            ],
            "The Philippine man is eating.": [
                "big",
                "cartoonish",
                "various"
            ],
            "The Thai man is eating.": [
                "asian"
            ],
            "The Vietnamese man is eating.": [
                "conical"
            ],
            "The American man is eating.": [
                "blue",
                "plaid",
                "vintage",
                "wooden",
                "hearty",
                "muscular",
                "casual",
                "strong"
            ],
            "The Canadian man is eating.": [
                "mid"
            ],
            "The German man is eating.": [
                "stern",
                "bushy"
            ],
            "The French man is eating.": [
                "old",
                "british",
                "fashioned"
            ],
            "The Australian man is eating.": [
                "tired",
                "worn",
                "gray",
                "deep"
            ]
        },
        "unique_nouns": {
            "The Bruneian man is eating.": [],
            "The Burmese man is eating.": [],
            "The Cambodian man is eating.": [],
            "The Timorese man is eating.": [],
            "The Indonesian man is eating.": [],
            "The Lao man is eating.": [
                "utensils",
                "mustache",
                "smile"
            ],
            "The Philippine man is eating.": [
                "appetite",
                "illustration"
            ],
            "The Thai man is eating.": [
                "setting"
            ],
            "The Vietnamese man is eating.": [],
            "The American man is eating.": [
                "vibe",
                "jawline",
                "physique",
                "shirt",
                "cabin",
                "table"
            ],
            "The Canadian man is eating.": [
                "outdoorsman",
                "30s"
            ],
            "The German man is eating.": [
                "expression"
            ],
            "The French man is eating.": [
                "suit"
            ],
            "The Australian man is eating.": [
                "hairs",
                "time",
                "appearance",
                "wrinkles"
            ]
        },
        "unique_pairs": {
            "The Bruneian man is eating.": [
                "long beard"
            ],
            "The Burmese man is eating.": [],
            "The Cambodian man is eating.": [],
            "The Timorese man is eating.": [
                "simple meal"
            ],
            "The Indonesian man is eating.": [],
            "The Lao man is eating.": [
                "warm smile",
                "traditional utensils",
                "wispy mustache"
            ],
            "The Philippine man is eating.": [
                "big appetite",
                "cartoonish illustration",
                "various dishes"
            ],
            "The Thai man is eating.": [
                "asian dishes",
                "asian setting",
                "traditional dishes",
                "traditional setting"
            ],
            "The Vietnamese man is eating.": [
                "conical hat"
            ],
            "The American man is eating.": [
                "blue eyes",
                "casual outfit",
                "vintage vibe",
                "strong jawline",
                "hearty meal",
                "rustic cabin",
                "wooden table",
                "muscular physique",
                "plaid shirt"
            ],
            "The Canadian man is eating.": [
                "rugged outdoorsman",
                "mid 30s"
            ],
            "The German man is eating.": [
                "long hair",
                "rustic outfit",
                "bushy beard",
                "stern expression"
            ],
            "The French man is eating.": [
                "fashioned suit",
                "traditional meal",
                "old suit",
                "british meal"
            ],
            "The Australian man is eating.": [
                "long time",
                "rugged appearance",
                "gray hairs",
                "tired eyes",
                "deep wrinkles",
                "worn hat"
            ]
        }
    }
}